{
    "id": "9762064",
    "title": "Journals & Magazines>",
    "authors": [
        "Yanwei Fu",
        "Chen Liu",
        "Donghao Li",
        "Zuyuan Zhong",
        "Xinwei Sun",
        "Jinshan Zeng"
    ],
    "abstract": "The great success of deep neural networks is built upon their over-parameterization, which smooths the optimization landscape without degrading the generalization ability. Despite the benefits of over-parameterization, a huge amount of parameters makes deep networks cumbersome in daily life applications. On the other hand, training neural networks without over-parameterization faces many practical problems, e.g., being trapped in the local optimal. Though techniques such as pruning and distillation are developed, they are expensive in fully training a dense network as backward selection methods; and there is still a void on systematically exploring forward selection methods for learning structural sparsity in deep networks. To fill in this gap, this paper proposes a new approach based on differential inclusions of inverse scale spaces. Specifically, our method can generate a family of models from simple to complex ones along the dynamics via coupling a pair of parameters, such that over-parameterized deep models and their structural sparsity can be explored simultaneously. This kind of differential inclusion scheme has a simple discretization, dubbed Deep structure splitting Linearized Bregman Iteration (DessiLBI), whose global convergence in learning deep networks could be established under the Kurdyka-Łojasiewicz framework. Particularly, we explore several applications of DessiLBI, including finding sparse structures of networks directly via the coupled structure parameter and growing networks from simple to complex ones progressively. Experimental evidence shows that our method achieves comparable and even better performance than the competitive optimizers in exploring the sparse structure of several widely used backbones on the benchmark datasets. Remarkably, with early stopping, our method unveils “winning tickets” in early epochs: the effective sparse network structures with comparable test accuracy to fully trained over-parameterized models, that are further ...",
    "citations": "9",
    "publication_date": "22 April 2022",
    "doi": "10.1109/TPAMI.2022.3168881",
    "pubmed_id": "35452384",
    "url": "https://ieeexplore.ieee.org/document/9762064/"
}