{
    "id": "9729603",
    "title": "Journals & Magazines>",
    "authors": [
        "Iris A. M. Huijben",
        "Wouter Kool",
        "Max B. Paulus",
        "Ruud J. G. van Sloun"
    ],
    "abstract": "The Gumbel-max trick is a method to draw a sample from a categorical distribution, given by its unnormalized (log-)probabilities. Over the past years, the machine learning community has proposed several extensions of this trick to facilitate, e.g., drawing multiple samples, sampling from structured domains, or gradient estimation for error backpropagation in neural network optimization. The goal of this survey article is to present background about the Gumbel-max trick, and to provide a structured overview of its extensions to ease algorithm selection. Moreover, it presents a comprehensive outline of (machine learning) literature in which Gumbel-based algorithms have been leveraged, reviews commonly-made design choices, and sketches a future perspective.",
    "citations": "41",
    "publication_date": "07 March 2022",
    "doi": "10.1109/TPAMI.2022.3157042",
    "pubmed_id": "35254975",
    "url": "https://ieeexplore.ieee.org/document/9729603/"
}