{
    "id": "9760117",
    "title": "Journals & Magazines>",
    "authors": [
        "Renjie Wan",
        "Boxin Shi",
        "Haoliang Li",
        "Yuchen Hong",
        "Ling-Yu Duan",
        "Alex C. Kot"
    ],
    "abstract": "Reflection removal has been discussed for more than decades. This paper aims to provide the analysis for different reflection properties and factors that influence image formation, an up-to-date taxonomy for existing methods, a benchmark dataset, and the unified benchmarking evaluations for state-of-the-art (especially learning-based) methods. Specifically, this paper presents a SIngle-image Reflection Removal Plus dataset “SIR^{2+}2+” with the new consideration for in-the-wild scenarios and glass with diverse color and unplanar shapes. We further perform quantitative and visual quality comparisons for state-of-the-art single-image reflection removal algorithms. Open problems for improving reflection removal algorithms are discussed at the end. Our dataset and follow-up update can be found at https://reflectionremoval.github.io/sir2data/.",
    "citations": "31",
    "publication_date": "19 April 2022",
    "doi": "10.1109/TPAMI.2022.3168560",
    "pubmed_id": "35439129",
    "url": "https://ieeexplore.ieee.org/document/9760117/"
}