{
    "id": "9737407",
    "title": "Journals & Magazines>",
    "authors": [
        "Thomas Tanay",
        "Aivar Sootla",
        "Matteo Maggioni",
        "Puneet K. Dokania",
        "Philip Torr",
        "Aleš Leonardis"
    ],
    "abstract": "Recurrent models are a popular choice for video enhancement tasks such as video denoising or super-resolution. In this work, we focus on their stability as dynamical systems and show that they tend to fail catastrophically at inference time on long video sequences. To address this issue, we (1) introduce a diagnostic tool which produces input sequences optimized to trigger instabilities and that can be interpreted as visualizations of temporal receptive fields, and (2) propose two approaches to enforce the stability of a model during training: constraining the spectral norm or constraining the stable rank of its convolutional layers. We then introduce Stable Rank Normalization for Convolutional layers (SRN-C), a new algorithm that enforces these constraints. Our experimental results suggest that SRN-C successfully enforces stablility in recurrent video processing models without a significant performance loss.",
    "citations": "6",
    "publication_date": "17 March 2022",
    "doi": "10.1109/TPAMI.2022.3160350",
    "pubmed_id": "35298375",
    "url": "https://ieeexplore.ieee.org/document/9737407/"
}