{
    "id": "9736597",
    "title": "Journals & Magazines>",
    "authors": [
        "Zhuotao Tian",
        "Pengguang Chen",
        "Xin Lai",
        "Li Jiang",
        "Shu Liu",
        "Hengshuang Zhao"
    ],
    "abstract": "Strong semantic segmentation models require large backbones to achieve promising performance, making it hard to adapt to real applications where effective real-time algorithms are needed. Knowledge distillation tackles this issue by letting the smaller model (student) produce similar pixel-wise predictions to that of a larger model (teacher). However, the classifier, which can be deemed as the perspective by which models perceive the encoded features for yielding observations (i.e., predictions), is shared by all training samples, fitting a universal feature distribution. Since good generalization to the entire distribution may bring the inferior specification to individual samples with a certain capacity, the shared universal perspective often overlooks details existing in each sample, causing degradation of knowledge distillation. In this paper, we propose Adaptive Perspective Distillation (APD) that creates an adaptive local perspective for each individual training sample. It extracts detailed contextual information from each training sample specifically, mining more details from the teacher and thus achieving better knowledge distillation results on the student. APD has no structural constraints to both teacher and student models, thus generalizing well to different semantic segmentation models. Extensive experiments on Cityscapes, ADE20K, and PASCAL-Context manifest the effectiveness of our proposed APD. Besides, APD can yield favorable performance gain to the models in both object detection and instance segmentation without bells and whistles.",
    "citations": "28",
    "publication_date": "16 March 2022",
    "doi": "10.1109/TPAMI.2022.3159581",
    "pubmed_id": "35294341",
    "url": "https://ieeexplore.ieee.org/document/9736597/"
}