{
    "id": "9763389",
    "title": "Journals & Magazines>",
    "authors": [
        "Yu Cheng",
        "Bo Wang",
        "Robby T. Tan"
    ],
    "abstract": "Monocular 3D human pose estimation has made progress in recent years. Most of the methods focus on single persons, which estimate the poses in the person-centric coordinates, i.e., the coordinates based on the center of the target person. Hence, these methods are inapplicable for multi-person 3D pose estimation, where the absolute coordinates (e.g., the camera coordinates) are required. Moreover, multi-person pose estimation is more challenging than single pose estimation, due to inter-person occlusion and close human interactions. Existing top-down multi-person methods rely on human detection (i.e., top-down approach), and thus suffer from the detection errors and cannot produce reliable pose estimation in multi-person scenes. Meanwhile, existing bottom-up methods that do not use human detection are not affected by detection errors, but since they process all persons in a scene at once, they are prone to errors, particularly for persons in small scales. To address all these challenges, we propose the integration of top-down and bottom-up approaches to exploit their strengths. Our top-down network estimates human joints from all persons instead of one in an image patch, making it robust to possible erroneous bounding boxes. Our bottom-up network incorporates human-detection based normalized heatmaps, allowing the network to be more robust in handling scale variations. Finally, the estimated 3D poses from the top-down and bottom-up networks are fed into our integration network for final 3D poses. To address the common gaps between training and testing data, we do optimization during the test time, by refining the estimated 3D human poses using high-order temporal constraint, re-projection loss, and bone length regularizations. We also introduce a two-person pose discriminator that enforces natural two-person interactions. Finally, we apply a semi-supervised method to overcome the 3D ground-truth data scarcity. Our evaluations demonstrate the effectiveness of the prop...",
    "citations": "22",
    "publication_date": "26 April 2022",
    "doi": "10.1109/TPAMI.2022.3170353",
    "pubmed_id": "35471876",
    "url": "https://ieeexplore.ieee.org/document/9763389/"
}