{
    "id": "9749838",
    "title": "Journals & Magazines>",
    "authors": [
        "Zhi Gao",
        "Yuwei Wu",
        "Mehrtash Harandi",
        "Yunde Jia"
    ],
    "abstract": "Meta-learning methods are shown to be effective in quickly adapting a model to novel tasks. Most existing meta-learning methods represent data and carry out fast adaptation in euclidean space. In fact, data of real-world applications usually resides in complex and various Riemannian manifolds. In this paper, we propose a curvature-adaptive meta-learning method that achieves fast adaptation to manifold data by producing suitable curvature. Specifically, we represent data in the product manifold of multiple constant curvature spaces and build a product manifold neural network as the base-learner. In this way, our method is capable of encoding complex manifold data into discriminative and generic representations. Then, we introduce curvature generation and curvature updating schemes, through which suitable product manifolds for various forms of data manifolds are constructed via few optimization steps. The curvature generation scheme identifies task-specific curvature initialization, leading to a shorter optimization trajectory. The curvature updating scheme automatically produces appropriate learning rate and search direction for curvature, making a faster and more adaptive optimization paradigm compared to hand-designed optimization schemes. We evaluate our method on a broad set of problems including few-shot classification, few-shot regression, and reinforcement learning tasks. Experimental results show that our method achieves substantial improvements as compared to meta-learning methods ignoring the geometry of the underlying space.",
    "citations": "10",
    "publication_date": "05 April 2022",
    "doi": "10.1109/TPAMI.2022.3164894",
    "pubmed_id": "35380955",
    "url": "https://ieeexplore.ieee.org/document/9749838/"
}