{
    "id": "9760096",
    "title": "Journals & Magazines>",
    "authors": [
        "Kazuhiro Fukui",
        "Naoya Sogi",
        "Takumi Kobayashi",
        "Jing-Hao Xue",
        "Atsuto Maki"
    ],
    "abstract": "In this paper, we reveal the discriminant capacity of orthogonal data projection onto the generalized difference subspace (GDS), both theoretically and experimentally. In our previous work, we demonstrated that the GDS projection works as a quasi-orthogonalization of class subspaces, which is an effective feature extraction for subspace based classifiers. Here, we further show that GDS projection also works as a discriminant feature extraction through a similar mechanism to the Fisher discriminant analysis (FDA). A direct proof of the connection between GDS projection and FDA is difficult due to the significant difference in their formulations. To circumvent the complication, we first introduce geometrical Fisher discriminant analysis (gFDA) based on a simplified Fisher criterion. It is derived from a heuristic yet practically plausible assumption: the direction of the sample mean vector of a class is largely aligned to the first principal component vector of the class, given that the principal component analysis (PCA) is applied without data centering. gFDA works stably even under few samples, bypassing the small sample size (SSS) problem of FDA. We then prove that gFDA is equivalent to GDS projection with a small correction term. This equivalence ensures GDS projection to inherit the discriminant ability from FDA via gFDA. Furthermore, we discuss two useful extensions of these methods, 1) a nonlinear extension by kernel trick, 2) a combination with CNN features. The equivalence and the effectiveness of the extensions have been verified through extensive experiments on the extended Yale B+, CMU face database, ALOI, ETH80, MNIST, and CIFAR10, mainly focusing on image recognition under small samples.",
    "citations": "10",
    "publication_date": "19 April 2022",
    "doi": "10.1109/TPAMI.2022.3168557",
    "pubmed_id": "35439128",
    "url": "https://ieeexplore.ieee.org/document/9760096/"
}