{
    "id": "9745790",
    "title": "Journals & Magazines>",
    "authors": [
        "Hamid Laga",
        "Marcel Padilla",
        "Ian H. Jermyn",
        "Sebastian Kurtek",
        "Mohammed Bennamoun",
        "Anuj Srivastava"
    ],
    "abstract": "We propose a novel framework to learn the spatiotemporal variability in longitudinal 3D shape data sets, which contain observations of objects that evolve and deform over time. This problem is challenging since surfaces come with arbitrary parameterizations and thus, they need to be spatially registered. Also, different deforming objects, hereinafter referred to as 4D surfaces, evolve at different speeds and thus they need to be temporally aligned. We solve this spatiotemporal registration problem using a Riemannian approach. We treat a 3D surface as a point in a shape space equipped with an elastic Riemannian metric that measures the amount of bending and stretching that the surfaces undergo. A 4D surface can then be seen as a trajectory in this space. With this formulation, the statistical analysis of 4D surfaces can be cast as the problem of analyzing trajectories embedded in a nonlinear Riemannian manifold. However, performing the spatiotemporal registration, and subsequently computing statistics, on such nonlinear spaces is not straightforward as they rely on complex nonlinear optimizations. Our core contribution is the mapping of the surfaces to the space of Square-Root Normal Fields (SRNF) where the\\mathbb {L}^{2}metric is equivalent to the partial elastic metric in the space of surfaces. Thus, by solving the spatial registration in the SRNF space, the problem of analyzing 4D surfaces becomes the problem of analyzing trajectories embedded in the SRNF space, which has a euclidean structure. In this paper, we develop the building blocks that enable such analysis. These include: (1) the spatiotemporal registration of arbitrarily parameterized 4D surfaces even in the presence of large elastic deformations and large variations in their execution rates; (2) the computation of geodesics between 4D surfaces; (3) the computation of statistical summaries, such as means and modes of variation, of collections of 4D surfaces; and (4) the synthesis of random 4D surface...",
    "citations": "6",
    "publication_date": "31 March 2022",
    "doi": "10.1109/TPAMI.2022.3163720",
    "pubmed_id": "35358041",
    "url": "https://ieeexplore.ieee.org/document/9745790/"
}