{
    "id": "9766436",
    "title": "Journals & Magazines>",
    "authors": [
        "Raisa B. Rasul",
        "C. Thomas Avedisian",
        "Yuhao Xu",
        "Michael C. Hicks",
        "Anthony P. Reeves"
    ],
    "abstract": "Dynamic measurement precision assessment has been achieved for a differential circle measurement application. Differential circle diameter measurement, in image analysis, typically requires fitting a circle model that optimizes for image distortions, defects or occlusions. The differential task occurs when precise measurements of diameter change are required given object size variation with time. An automated system was designed to provide diameter measurements and associated measurement precision of images of a fuel droplet undergoing combustion in zero gravity for the FLEX-2 dataset. An image gradient-based, least-squares boundary point fitting method to a circle or ellipse model is used for diameter measurement. The presence of soot aggregates poses significant challenges for diameter measurements when it occludes part of the droplet boundary. The precision of the diameter measurements depends upon the image quality. Using synthetic image simulations that model the soot behavior, we developed a model based on image quality measures that assesses the measurement precision for each individual diameter measurement. Thus, diameter measurements with precision assessments were made available for follow-up scientific analysis. The algorithm's success rate for measurable runs was 98%. In cases of limited occlusion, a measurement precision of ±0.2 pixels for the FLEX-2 dataset was achieved.",
    "citations": "2",
    "publication_date": "03 May 2022",
    "doi": "10.1109/TPAMI.2022.3170926",
    "pubmed_id": "35503825",
    "url": "https://ieeexplore.ieee.org/document/9766436/"
}