{
    "id": "9744488",
    "title": "Journals & Magazines>",
    "authors": [
        "Shangqi Gao",
        "Xiahai Zhuang"
    ],
    "abstract": "Modeling statistics of image priors is useful for image super-resolution, but little attention has been paid from the massive works of deep learning-based methods. In this work, we propose a Bayesian image restoration framework, where natural image statistics are modeled with the combination of smoothness and sparsity priors. Concretely, first we consider an ideal image as the sum of a smoothness component and a sparsity residual, and model real image degradation including blurring, downscaling, and noise corruption. Then, we develop a variational Bayesian approach to infer their posteriors. Finally, we implement the variational approach for single image super-resolution (SISR) using deep neural networks, and propose an unsupervised training strategy. The experiments on three image restoration tasks, i.e., ideal SISR, realistic SISR, and real-world SISR, demonstrate that our method has superior model generalizability against varying noise levels and degradation kernels and is effective in unsupervised SISR. The code and resulting models are released via https://zmiclab.github.io/projects.html.",
    "citations": "21",
    "publication_date": "29 March 2022",
    "doi": "10.1109/TPAMI.2022.3163307",
    "pubmed_id": "35349433",
    "url": "https://ieeexplore.ieee.org/document/9744488/"
}